Post ID,Username,Full Name,Caption,Likes Count,Comments Count,Post Type,Sponsored,Post URL,Hashtags,Date
"3728077243584183148","clarkespositolawfirm","Clark-Esposito Law Firm, P.C.","Avoiding Trade Violations: A Close Look at Common E-Allegations in U.S. Imports

""Importers should be aware of these common violations and take proactive steps to ensure compliance with U.S. Customs and Border Protection (CBP) regulations...""

Head over to our blog (link in bio) to read the full article!

***

We are determined to help you.

Navigate the Complexities of International Trade Law with Trusted Counsel.

We help growing companies who import and export comply with government regulations. We do this by implementing compliance solutions, resolving problems, and obtaining licenses or other permissions in order to capture a new business opportunity. In need of a solution? Let us help you minimize risks and improve your business operations today.

We listen carefully to clients to ensure our understanding of the legal issues at hand, their factual context, and any limitations that might impact a chosen strategy.

To learn more about our firm or connect with us visit the Linktree in our bio.

„Éª„Éª„Éª
#internationalbusiness #import #export #freight #logistics #bis #ofac #cbp #nyc #newyork #newyorkcity #clarkespositolaw",0,0,"Image",Yes,"https://www.instagram.com/p/DO8yoA3DXts/","internationalbusiness, import, export, freight, logistics, bis, ofac, cbp, nyc, newyork, newyorkcity, clarkespositolaw","9/23/2025"
"3728077009877227669","lanytiles","LANY TILES","‚ú® Redefine elegance with Lany Tiles ‚Äì Tara Grey Bright ‚ú®

Bring the timeless charm of marble-inspired beauty into your spaces with our 600x1200mm Glossy tiles. Designed to add a luxurious touch, these tiles reflect sophistication and durability with every step.

‚úÖ Premium Glossy Finish
‚úÖ Perfect for floors & walls
‚úÖ Modern Grey Veins for a natural marble look
‚úÖ Ideal for homes, offices & commercial spaces

Make your interiors stand out and turn every step into a style statement with Lany Tiles.

‚úÖ Size: 600x1200mm
üåê Visit us at: www.lanytiles.com
üìû Call us: +91 70699 99789
Https://wa.me/917069999789
.
.
.

#lanytiles #lanytilesindia #60x120cm #600x1200mm #glossyfinish #floortiles #interior #homedecor #moderninteriors #architecturalelegance #seramika #gvt #pgvt #interiordesign #porcelaintiles #tilesofindia #export #malta #flooringsolutions #ceramica #qeramika #finland #croatia #greece #cyprus #czechrepublic #tilesmanufacturer #tilesexporter #madeinindiana #madeinindia",0,0,"Sidecar",Yes,"https://www.instagram.com/p/DO8yknNCFiV/","lanytiles, lanytilesindia, 60x120cm, 600x1200mm, glossyfinish, floortiles, interior, homedecor, moderninteriors, architecturalelegance, seramika, gvt, pgvt, interiordesign, porcelaintiles, tilesofindia, export, malta, flooringsolutions, ceramica, qeramika, finland, croatia, greece, cyprus, czechrepublic, tilesmanufacturer, tilesexporter, madeinindiana, madeinindia","9/23/2025"